cluster_type,count,percentage
Not Significant,14926,77.73958333333333
LL (Low-Low),2291,11.932291666666666
HH (High-High),964,5.020833333333333
LH (Low-High),827,4.307291666666667
HL (High-Low),192,1.0
