variable,morans_i,expected_i,z_score,p_value,significant
Crash Counts,0.16050557066272764,-5.2086046148236886e-05,46.36291892869831,0.0,True
Hotspot Labels,0.11945102971795626,-5.2086046148236886e-05,34.50793553834757,6.098745100321032e-261,True
Injury Severity,0.14693302636350156,-5.2086046148236886e-05,42.4436865239668,0.0,True
