model,pr_auc,roc_auc,f1@0.5,best_f1,best_thresh
GradientBoosting,0.7690067799965373,0.9474323482707985,0.6667166529204469,0.6862581179501404,0.3658994583390011
Logistic,0.7624146230137234,0.9453873568837342,0.5910247823174816,0.6840514971357005,0.8061866855853906
RandomForest,0.7539706670287546,0.9419753754912787,0.6527447216890595,0.6745539663500578,0.34
